la_esperanza,rio_claro
T4H79A4,T3H72A5
T4H79A4,T3H72A5
T4H79A4,T3H72A5
T4H79A4,T3H72A5
T4H79A7,T3H72A6
T4H79A7,T3H72A6
T4H79A7,T3H72A6
T4H79A7,T3H72A6
T4H81A4,T3H72A7
T4H81A4,T3H72A7
T4H81A4,T3H72A7
T4H81A4,T3H72A7
T1H85A4,T1H67A5
T1H85A4,T1H67A5
T1H85A4,T1H67A5
T1H85A4,T1H67A5
T1H85A5,T1H67A6
T1H85A5,T1H67A6
T1H85A5,T1H67A6
T1H85A5,T1H67A6
T1H86A7,T1H66A5
T1H86A7,T1H66A5
T1H86A7,T1H66A5
T1H86A7,T1H66A5
T2H93A4,T4H62A8
T2H93A4,T4H62A8
T2H93A4,T4H62A8
T2H93A4,T4H62A8
T2H94A4,T4H61A4
T2H94A4,T4H61A4
T2H94A4,T4H61A4
T2H94A4,T4H61A4
T2H94A6,T4H61A6
T2H94A6,T4H61A6
T2H94A6,T4H61A6
T2H94A6,T4H61A6
T3H98A8,T2H56A6
T3H98A8,T2H56A6
T3H98A8,T2H56A6
T3H98A8,T2H56A6
T3H98A9,T2H55A6
T3H98A9,T2H55A6
T3H98A9,T2H55A6
T3H98A9,T2H55A6
T3H99A8,T2H55A8
T3H99A8,T2H55A8
T3H99A8,T2H55A8
T3H99A8,T2H55A8
T0103A5,T0H52A8
T0103A5,T0H52A8
T0103A5,T0H52A8
T0103A5,T0H52A8
T0103A6,T0H51A9
T0103A6,T0H51A9
T0103A6,T0H51A9
T0103A6,T0H51A9
T0104A6,T0H50A4
T0104A6,T0H50A4
T0104A6,T0H50A4
T0104A6,T0H50A4
